Company Na,Address,City,State,ZIP Code,Record Typ,Longitude,Latitude
smart gourmet llc,433 cambridge st,allston,MA,2134,,-71.134357,42.354996
whittard of chelsea,170 newbury st,boston,MA,2116,,-71.07882,42.350336
whittard of chelsea,1 faneuil hall sq,boston,MA,2109,,-71.055744,42.360041
south end gourmet shop,74 appleton st,boston,MA,2116,,-71.072507,42.345583
smart gourmet,31 antwerp st,brighton,MA,2135,,-71.139722,42.358789
silver screen gourmet,3 lewis st # 1,boston,MA,2109,,-71.051876,42.363276
lovely fare,30 prince st,boston,MA,2113,,-71.05444,42.364487
light & salt inc,166 harvard ave,allston,MA,2134,,-71.131362,42.35143
lankagems inc,85 newbury st,boston,MA,2116,,-71.074963,42.351918
international gourmet,482b washington st,dorchester ctr,MA,2124,,-71.072573,42.288315
health resources,jfk federal bldg # 1826,boston,MA,2222,,-71.062334,42.364973
gypsy kitchen,,boston,MA,2108,,-71.062564,42.357979
green food mart inc,15 freeport way,dorchester,MA,2122,,-71.056492,42.306309
gourmet products,35 wareham st,boston,MA,2118,,-71.068101,42.339373
gourmet foods of america inc,faneuil hall marketplace,boston,MA,2109,,-71.055237,42.359135
gourmet exchange,70 newmarket sq,boston,MA,2118,,-71.066936,42.328799
gourmet corner,183 chestnut hill ave,brighton,MA,2135,,-71.154705,42.341405
creative gourmets,31 antwerp st,brighton,MA,2135,,-71.139722,42.358789
chinatown hit,27 harrison ave,boston,MA,2111,,-71.061463,42.351754
charlestown gourmet,5 auburn st # 1,charlestown,MA,2129,,-71.069525,42.380561
brighton gourmet & cellar,569 washington st,brighton,MA,2135,,-71.164815,42.350076
beacon hill gourmet,65 charles st,boston,MA,2114,,-71.070184,42.358114
agora gourmet,20 tremont st,brighton,MA,2135,,-71.16949,42.350127
saga dairy inc,30 union park st # 403,boston,MA,2118,,-71.070058,42.341883
greenhope corp,2001 beacon st # 303,brighton,MA,2135,,-71.150068,42.335848
fresh eggs inc,58 clarendon st,boston,MA,2116,,-71.073332,42.346442
cheese toastie,po box 788,jamaica plain,MA,2130,,-71.114081,42.313409
cheese shop,20 fleet st,boston,MA,2113,,-71.052849,42.3647
c b d please,215 lincoln st,allston,MA,2134,,-71.13624,42.348929
bienestar familiar,387 meridian st,east boston,MA,2128,,-71.038999,42.379801
agora whispers of spring,20 tremont st,brighton,MA,2135,,-71.16949,42.350127
a dozen eggs,553 tremont st,boston,MA,2116,,-71.071665,42.343995
boston cheese cellar llc,18 birch st,roslindale,MA,2131,,-71.130232,42.286622
fortune market inc,40 harrison ave,boston,MA,2111,,-71.060968,42.351664
house of mother nature,357 washington st,brighton,MA,2135,,-71.153145,42.349145
g & s group llc,1 faneuil hall market pl,boston,MA,2109,,-71.053586,42.359735
gourmet boutique,10 huntington ave,boston,MA,2116,,-71.077612,42.348298
lean & green gourmet,18 logan airport,east boston,MA,2128,,-71.032514,42.377292
berezka international food str,1215 commonwealth ave,allston,MA,2134,,-71.130393,42.350775
e shan tang,171 harvard ave,allston,MA,2134,,-71.131548,42.351222
giorgiana's,532 tremont st,boston,MA,2116,,-71.070534,42.344493
gourmet boutique,300 allston st # 214,brighton,MA,2135,,-71.140246,42.344017
gourmet inc,70 tyler st,boston,MA,2111,,-71.061259,42.349291
imported foods,27 h st # 29,south boston,MA,2127,,-71.041805,42.337024
j p lillis enterprises,3892 washington st,roslindale,MA,2131,,-71.118285,42.295262
sio kam lung inc,65 harrison ave,boston,MA,2111,,-71.061313,42.351316
7-eleven,462 washington st,brighton,MA,2135,,-71.15896,42.348527
24 seven,655 warren st,dorchester,MA,2121,,-71.082883,42.309813
24 seven convenience store,655 warren st,dorchester,MA,2121,,-71.082883,42.309813
7-eleven,509 cambridge st,allston,MA,2134,,-71.138482,42.353432
7-eleven inc,66 charles st,boston,MA,2114,,-71.07045,42.357576
75 state st lobby shop,75 state st,boston,MA,2109,,-71.055089,42.358449
777 convenience store,269 main st,charlestown,MA,2129,,-71.066603,42.377209
a & p convenience inc,315 geneva ave,dorchester,MA,2122,,-71.071064,42.303125
acougue brasil convenient str,192 brighton ave,allston,MA,2134,,-71.134267,42.353074
adam's convenience store,149 hanover st,boston,MA,2108,,-71.062564,42.357979
after seven,1310 commonwealth ave,allston,MA,2134,,-71.13425,42.348467
aj variety,7 bowdoin park,dorchester,MA,2122,,-71.06774,42.306422
aj variety,7 bowdoin st,dorchester ctr,MA,2124,,-71.073211,42.299441
alltown roxbury,85 southampton st,boston,MA,2118,,-71.070384,42.331916
anais convenience store,333 washington st,boston,MA,2108,,-71.059193,42.356916
asj enterprises,1244 river st,hyde park,MA,2136,,-71.123372,42.255857
base trip records,277 babcock st # 1609,boston,MA,2215,,-71.120986,42.352847
bazics convenience,1 design center pl,boston,MA,2210,,-71.034115,42.343883
beacon hill convenience store,55 anderson st,boston,MA,2114,,-71.067773,42.359319
blue hill convenience,137 blue hill ave # b,roxbury,MA,2119,,-71.078079,42.320263
blue hill convenient mkt inc,322 blue hill ave,dorchester,MA,2121,,-71.07939,42.313276
blue hill market,766 blue hill ave,dorchester ctr,MA,2124,,-71.086693,42.298383
boston mobile,651 warren st,dorchester,MA,2121,,-71.083018,42.309755
boston shawarma,226 washington st,boston,MA,2108,,-71.057843,42.358158
boston universal multiservice,202 washington st,dorchester,MA,2121,,-71.078017,42.302776
boston variety,59 causeway st,boston,MA,2114,,-71.062893,42.3644
bostonian convenience store,1464 dorchester ave,dorchester,MA,2122,,-71.059971,42.300708
boutwell corner store,93 burrell st,roxbury,MA,2119,,-71.068204,42.323633
bull market deli,liberty sq,boston,MA,2109,,-71.055237,42.359135
bull market press corp,9 w broadway # 415,boston,MA,2127,,-71.057941,42.34238
cappy's store,90 westland ave,boston,MA,2115,,-71.089765,42.343882
caribbean market,217 bowdoin st,dorchester,MA,2122,,-71.067734,42.305587
cashion's quick stop,60 temple pl # 4,boston,MA,2111,,-71.061427,42.354968
central convenience,194 dudley st,roxbury,MA,2119,,-71.081756,42.328662
chi chi produce market,2251 washington st,roxbury,MA,2119,,-71.083509,42.330593
city convenience store,182 harvard ave,allston,MA,2134,,-71.131131,42.351097
community convenience store,44 norfolk st,dorchester,MA,2124,,-71.07317,42.289037
constellation convenience str,1304 commonwealth ave,allston,MA,2134,,-71.134007,42.348573
convenience plus,789 harrison ave,boston,MA,2118,,-71.070838,42.340851
corner store dorchester,166 norfolk st,dorchester ctr,MA,2124,,-71.078976,42.286902
courthouse convenience,505 washington st,dorchester ctr,MA,2124,,-71.07199,42.294025
crossing variety,48 winter st,boston,MA,2108,,-71.062025,42.355963
d & d convenience store,,boston,MA,2108,,-71.062564,42.357979
d a ave,446 hyde park ave,roslindale,MA,2131,,-71.118645,42.285191
d n d convienence store,734 blue hill ave,dorchester,MA,2121,,-71.086236,42.299755
delight corner,32 oxford st,boston,MA,2111,,-71.060226,42.351522
dicks lobby shop,10 causeway st # 692,boston,MA,2222,,-71.063096,42.365165
downtown brazil,878 south st,roslindale,MA,2131,,-71.134121,42.288855
downtown convenience two,1100 boylston st,boston,MA,2215,,-71.088468,42.346803
dudley variety,389 dudley st,roxbury,MA,2119,,-71.075493,42.326182
el orgullo mini market,1325 dorchester ave,dorchester,MA,2122,,-71.0595,42.305313
esi inc of tennessee,175 federal st # 11,boston,MA,2110,,-71.056361,42.353678
evs mini mart,334 dorchester st,south boston,MA,2127,,-71.053943,42.330816
express depot,360b columbus ave,boston,MA,2116,,-71.074581,42.350812
food land,199 adams st,boston,MA,2122,,-71.06015,42.302039
food mart & smoke shop,142 park st,dorchester,MA,2122,,-71.060873,42.298505
forest hills convenience inc,2 hyde park ave,jamaica plain,MA,2130,,-71.113608,42.299763
four stars mini mart,85 cummins hwy,roslindale,MA,2131,,-71.125122,42.284412
franco's place,160 trenton st,east boston,MA,2128,,-71.033135,42.380174
gateway newstand,1 faneuil hall market pl,boston,MA,2109,,-71.053586,42.359735
gateway newstand,8 park plz,boston,MA,2116,,-71.069139,42.351517
glenville market,85 glenville ave,allston,MA,2134,,-71.134922,42.349553
go go foods,119 braintree st # 317,allston,MA,2134,,-71.137362,42.356523
gomez convenience store,285 washington st,dorchester,MA,2121,,-71.075574,42.300378
green elm,536 centre st,jamaica plain,MA,2130,,-71.113272,42.316859
grove natural foods,20 logan airport,east boston,MA,2128,,-71.032514,42.377292
happy superette,122 seaver st,dorchester,MA,2121,,-71.09152,42.309918
hermanos unidos,728 dudley st,dorchester,MA,2125,,-71.067192,42.317992
hillside spa cardoza brothers,26 hancock st,dorchester,MA,2125,,-71.065781,42.314757
huntington market,1795 commonwealth ave,brighton,MA,2135,,-71.151637,42.340708
i j convenience store,604 hyde park ave,roslindale,MA,2131,,-71.118805,42.279946
international convenience,1325 dorchester ave,dorchester,MA,2122,,-71.0595,42.305313
j & c convenience food store,1147 commonwealth ave,allston,MA,2134,,-71.12755,42.350746
j & j convenience store,11 meridian st,boston,MA,2128,,-71.038751,42.370551
j k market ii,232 sumner st,east boston,MA,2128,,-71.038891,42.368539
j p variety store,162 south st,jamaica plain,MA,2130,,-71.114419,42.304068
j trip karaoke lounge,189 state st,boston,MA,2109,,-71.05271,42.359144
jen's place,10 park plz,boston,MA,2116,,-71.069461,42.351028
johnny's market ii,51 trenton st,east boston,MA,2128,,-71.037662,42.378353
k & g 1 stop,25 sudbury st 1st f l,boston,MA,2201,,-71.057675,42.361095
k & g1 stop,25 new sudbury st,boston,MA,2203,,-71.059249,42.361392
kool stop convenience,487 washington st,dorchester ctr,MA,2124,,-71.072048,42.294632
la casa alegre inc,1989 columbus ave # 1,roxbury,MA,2119,,-71.097545,42.314843
la esperanza market,238 meridian st,boston,MA,2128,,-71.039175,42.375813
la poula conveniences,1330 blue hill ave,mattapan,MA,2126,,-71.09324,42.278325
lee's 1 market,1383 commonwealth ave,allston,MA,2134,,-71.137522,42.348675
li'l peach,1151 washington st,dorchester ctr,MA,2124,,-71.069079,42.272351
liriano grocery,1503 river st,hyde park,MA,2136,,-71.131059,42.250454
liriano market,64 blue hill ave # a,roxbury,MA,2119,,-71.076421,42.32288
luis market,517 warren st,dorchester,MA,2121,,-71.08372,42.313587
madina market-allston,72 brighton ave,allston,MA,2134,,-71.128819,42.352414
mario market,51 cottage st,boston,MA,2128,,-71.035677,42.367108
market maywood,249 blue hill ave,roxbury,MA,2119,,-71.078308,42.315759
medina's market inc,611 tremont st,boston,MA,2118,,-71.0741,42.342887
midnight munchies,41 hunnewell ave,brighton,MA,2135,,-71.170995,42.353114
mika enterprise inc,112 savin hill ave,dorchester,MA,2125,,-71.05331,42.311583
naidely's market inc,367 blue hill ave,dorchester,MA,2121,,-71.080988,42.311899
nas convenience inc,88 bailey st # 3,dorchester ctr,MA,2124,,-71.065012,42.284977
neighborhood variety,63 poplar st,roslindale,MA,2131,,-71.128908,42.285481
neponset food mart,165 neponset ave,dorchester,MA,2122,,-71.050906,42.293033
noora convenience,530 river st,mattapan,MA,2126,,-71.094493,42.267136
olevo market,154 geneva ave,dorchester,MA,2121,,-71.077172,42.305502
oli's market,401 saratoga st,boston,MA,2128,,-71.029539,42.379102
one stop convenience,664 tremont st # 1,boston,MA,2118,,-71.075795,42.341362
one stop mama shop,102 south st # 5,boston,MA,2111,,-71.057122,42.351058
our neighborhood variety store,140 harvard st # 1,dorchester ctr,MA,2124,,-71.080574,42.296209
p & a convenience market inc,469 columbus ave,boston,MA,2116,,-71.078526,42.343304
pantry,39 dalton st,boston,MA,2199,,-71.083844,42.346573
papi's convenient store,142 bowdoin st,dorchester,MA,2122,,-71.070989,42.303764
park n go,613 park st,dorchester ctr,MA,2124,,-71.078055,42.294469
penas market,1055 tremont st,roxbury crossing,MA,2120,,-71.094875,42.334948
"petite, caille",597 washington st,dorchester ctr,MA,2124,,-71.071691,42.290532
plaza meat market,207 boylston st,jamaica plain,MA,2130,,-71.10116,42.313928
pondside express mart inc,626 centre st,jamaica plain,MA,2130,,-71.113815,42.313945
quality mart,150 north beacon st,brighton,MA,2135,,-71.145767,42.355252
quick mart,353 chelsea st,boston,MA,2128,,-71.028734,42.378276
quick mart inc,75 linden st,allston,MA,2134,,-71.130302,42.352515
rosa's convenience store,696 blue hill ave,dorchester,MA,2121,,-71.086053,42.300277
rosedale grocery,547 washington st,dorchester ctr,MA,2124,,-71.071986,42.292575
route 97 quik pik inc,1008 south st,roslindale,MA,2131,,-71.140524,42.287487
s & a convenience store,37 rosemont st,dorchester,MA,2122,,-71.055191,42.292746
s k convenience stores,100 huntington ave,boston,MA,2116,,-71.077828,42.347042
salem convenience,96 salem st,boston,MA,2113,,-71.055696,42.363949
savin hill convenience inc,110 savin hill ave,dorchester,MA,2125,,-71.053754,42.311685
seaport convenience,451 d st,boston,MA,2210,,-71.04198,42.345197
select market,529 washington st,brighton,MA,2135,,-71.162883,42.349164
serve you well mini mart,259 talbot ave,dorchester ctr,MA,2124,,-71.075822,42.291111
sheba market,66 pleasant hill ave,mattapan,MA,2126,,-71.071838,42.276053
shoebox smokers club cnvnnc,449 washington st,boston,MA,2111,,-71.060983,42.355329
small change,525 columbia rd,dorchester,MA,2125,,-71.066527,42.315414
snack n' play,19 staniford st,boston,MA,2114,,-71.063744,42.362201
store 24,281 huntington ave # b,boston,MA,2115,,-71.086462,42.341988
t & e mini mart,161 washington st,dorchester,MA,2121,,-71.078969,42.303884
t & s convenience store,4 brighton ave,allston,MA,2134,,-71.125653,42.351988
t j s food shop ltd,12 elder st,dorchester,MA,2125,,-71.06328,42.320155
tedeschi food shops,281 huntington ave,boston,MA,2115,,-71.086462,42.341988
tedeschi food shops,542 commonwealth ave,boston,MA,2215,,-71.096368,42.348735
tedeschi food shops,2235 dorchester ave,dorchester ctr,MA,2124,,-71.067706,42.273837
thompole convenience store,1330 blue hill ave,mattapan,MA,2126,,-71.09324,42.278325
tienda san antonio,257 princeton st,boston,MA,2128,,-71.030009,42.379571
to logan express way inc,5 orient express way,boston,MA,2115,,-71.090024,42.343597
tobacco treasurers,200 seaport blvd,boston,MA,2210,,-71.040336,42.351773
towne convenience,40 boylston st,boston,MA,2116,,-71.063861,42.352158
underground t,261 tremont st,boston,MA,2116,,-71.065169,42.350468
upbeat convenience,613 park st,dorchester ctr,MA,2124,,-71.078055,42.294469
value 2000,507 washington st,boston,MA,2111,,-71.061827,42.354284
vange variety,434 blue hill ave,dorchester,MA,2121,,-71.082048,42.309905
visham & son,449 washington st,boston,MA,2111,,-71.060983,42.355329
wag-a-bag,70 brookline ave,boston,MA,2215,,-71.098414,42.347237
wan convenience,172 brighton ave,allston,MA,2134,,-71.133012,42.352947
wells market,1760 dorchester ave,dorchester ctr,MA,2124,,-71.062966,42.289883
west seventh mini market,51 w 7th st,boston,MA,2127,,-71.055401,42.337052
woodrow ave market,67 woodrow ave,dorchester ctr,MA,2124,,-71.080968,42.287995
your convenient,62 essex st # 74,boston,MA,2111,,-71.061176,42.35179
z & r convenience plus,59 fairmount ave,hyde park,MA,2136,,-71.120394,42.255059
grove natural foods,300 terminal c # 20,east boston,MA,2128,,-71.017474,42.366988
7-eleven,120 byron st,boston,MA,2128,,-71.016262,42.383945
7-eleven,1306 washington st,boston,MA,2118,,-71.070838,42.340851
7-eleven,250 cambridge st # 3,boston,MA,2114,,-71.067475,42.360888
7-eleven,508 park dr,boston,MA,2215,,-71.105811,42.34764
7-eleven,451 centre st,jamaica plain,MA,2130,,-71.111467,42.32034
city convenience,86 massachusetts ave,boston,MA,2115,,-71.088118,42.348733
mutual oil co inc,529 geneva ave,dorchester,MA,2122,,-71.062925,42.298174
store 24,717 boylston st,boston,MA,2116,,-71.080095,42.349651
store 24 inc,363 tremont st,boston,MA,2116,,-71.067988,42.348049
tedeschi food shops,405 w broadway,boston,MA,2127,,-71.048061,42.336953
white hen,342 hanover st,boston,MA,2113,,-71.053561,42.364947
tedeschi food shops,177 state st # a,boston,MA,2109,,-71.053394,42.35937
city convenience,2195 commonwealth ave,brighton,MA,2135,,-71.166454,42.340098
city convenience,775 commonwealth ave,boston,MA,2215,,-71.109657,42.35051
city convenience,702 commonwealth ave,boston,MA,2215,,-71.105355,42.349727
yawkey way store,19 yawkey way,boston,MA,2215,,-71.098892,42.346089
val's place,10 causeway st,boston,MA,2222,,-71.063096,42.365165
united national market,134 bunker hill st,charlestown,MA,2129,,-71.059818,42.377987
triple seven convenience,269 main st,charlestown,MA,2129,,-71.066603,42.377209
temple place market,55 temple pl,boston,MA,2111,,-71.061788,42.35483
tedeschi food shops,7 spring st,west roxbury,MA,2132,,-71.160701,42.278429
tedeschi food shops,4196 washington st,roslindale,MA,2131,,-71.127162,42.28709
tedeschi food shops,684 centre st,jamaica plain,MA,2130,,-71.114206,42.312015
tedeschi food shops,1187 hyde park ave,hyde park,MA,2136,,-71.123719,42.258632
tedeschi food shops,1886 dorchester ave,dorchester ctr,MA,2124,,-71.064025,42.28653
tedeschi food shops,320 neponset ave,dorchester,MA,2122,,-71.046896,42.288235
tedeschi food shops,1420 dorchester ave,dorchester,MA,2122,,-71.059355,42.30247
tedeschi food shops,241 market st,brighton,MA,2135,,-71.150124,42.354604
tedeschi food shops,717 boylston st,boston,MA,2116,,-71.080095,42.349651
tedeschi food shops,555 e broadway,boston,MA,2127,,-71.04196,42.33534
tedeschi food shops,14 maverick sq,boston,MA,2128,,-71.039531,42.369407
tedeschi food shops,509 cambridge st,allston,MA,2134,,-71.138482,42.353432
tedeschi food shops,157 brighton ave,allston,MA,2134,,-71.132445,42.353142
tedeschi food shops,1219 commonwealth ave,allston,MA,2134,,-71.130686,42.350698
t & j convenience store,80 welles ave,dorchester ctr,MA,2124,,-71.066803,42.289279
sun fa,719 morton st,mattapan,MA,2126,,-71.090931,42.284092
star 50 convenience,303 geneva ave,dorchester,MA,2121,,-71.071984,42.303561
speedway,1779 centre st,west roxbury,MA,2132,,-71.151597,42.287826
simon's convenience store,1145 blue hill ave,dorchester ctr,MA,2124,,-71.091196,42.285449
saratoga convenience,655 saratoga st,boston,MA,2128,,-71.020796,42.382249
s street convenience,138 south st,jamaica plain,MA,2130,,-71.114582,42.305296
royal african caribbean,1281 river st,hyde park,MA,2136,,-71.124568,42.255805
rossy 's convenience store,142 bowdoin st,dorchester,MA,2122,,-71.070989,42.303764
quick stop,338 warren st,roxbury,MA,2119,,-71.081237,42.319186
quick pick convenience,973 tremont st # a,roxbury crossing,MA,2120,,-71.084116,42.337483
quality mart,21 massachusetts ave,boston,MA,2115,,-71.089476,42.350696
punjab mini mart inc,1576 tremont st,roxbury crossing,MA,2120,,-71.102447,42.33322
patriot news inc,655 atlantic ave,boston,MA,2111,,-71.061176,42.35179
ortiz communication & mini mkt,567 washington st,brighton,MA,2135,,-71.164745,42.350036
obrien market,1660 dorchester ave,dorchester,MA,2122,,-71.061969,42.293841
o'connell's convenience plus,40 worcester sq,boston,MA,2118,,-71.073795,42.336288
newtowne foodmart,87 medford st,charlestown,MA,2129,,-71.055535,42.379147
new store on the block,847 dorchester ave,dorchester,MA,2125,,-71.056861,42.321778
neptune launderette,944 bennington st,boston,MA,2128,,-71.009636,42.386146
neighborhood convenience str,994 hyde park ave,hyde park,MA,2136,,-71.120747,42.265548
mr convenience plus,646 blue hill ave,dorchester,MA,2121,,-71.085417,42.302159
morton mini market inc,761 morton st,mattapan,MA,2126,,-71.089409,42.283477
mini central,140 harvard st,dorchester ctr,MA,2124,,-71.080574,42.296209
"market, charl y",604 weld st,west roxbury,MA,2132,,-71.157871,42.291438
m r m enterprises inc,218 bowdoin st,dorchester,MA,2122,,-71.068072,42.30546
m b convenience,1690 commonwealth ave,brighton,MA,2135,,-71.146397,42.341359
lynch's everyday,626 adams st,dorchester,MA,2122,,-71.055361,42.288368
lili's market,1286 blue hill ave,mattapan,MA,2126,,-71.092576,42.279839
lee's market,1585 commonwealth ave,brighton,MA,2135,,-71.143096,42.344056
kushtia inc,1813 washington st,boston,MA,2118,,-71.077901,42.335839
kiki's kwik-mart,236 faneuil st,brighton,MA,2135,,-71.159647,42.352943
j & w one lewis wharf,1 lewis wharf,boston,MA,2110,,-71.051033,42.363723
j & m convenience store,15 north beacon st,allston,MA,2134,,-71.137764,42.354139
island store,735 e 6th st,boston,MA,2127,,-71.031339,42.333021
iraola convenience store,1112 blue hill ave,dorchester ctr,MA,2124,,-71.090385,42.286285
hemenway variety,95 westland ave,boston,MA,2115,,-71.090138,42.344042
harbor point market,17 harbor point blvd,dorchester,MA,2125,,-71.04353,42.318662
gonzalez market,1178 blue hill ave,mattapan,MA,2126,,-71.09121,42.284027
gateway newsstand,401 park dr # 203,boston,MA,2215,,-71.103148,42.343754
five corners mini mart,1246 dorchester ave,dorchester,MA,2125,,-71.057935,42.307822
el tiburon market,3145 washington st,jamaica plain,MA,2130,,-71.100291,42.314056
el chavo mexican products,4254 washington st,roslindale,MA,2131,,-71.129007,42.285549
east boston variety,3 gladstone st,boston,MA,2128,,-70.999524,42.389113
e s variety,3 gladstone st,east boston,MA,2128,,-70.999524,42.389113
d & r supermarkets,180 hyde park ave,jamaica plain,MA,2130,,-71.116732,42.29474
d & d convenience store,734 blue hill ave,dorchester,MA,2121,,-71.086236,42.299755
cumberland farms,148 chestnut hill ave,brighton,MA,2135,,-71.153812,42.342044
cumberland farms,628 e 5th st,boston,MA,2127,,-71.0355,42.334164
costa's convenience store,184 bremen st,boston,MA,2128,,-71.034307,42.373091
convenient corner,1688 dorchester ave,dorchester,MA,2122,,-71.06234,42.292568
college convenience,281 huntington ave,boston,MA,2115,,-71.086462,42.341988
city mini mart,226 washington st,boston,MA,2108,,-71.057843,42.358158
city convenience,541 commonwealth ave,boston,MA,2215,,-71.097042,42.349216
city convenience,23 beacon st,boston,MA,2108,,-71.062564,42.357979
chansky super market,161 sutherland rd,brighton,MA,2135,,-71.1468,42.341334
ccc's cleveland circle cnvnc,358 chestnut hill ave,brighton,MA,2135,,-71.151389,42.336775
calderon market,152 sumner st,boston,MA,2128,,-71.041029,42.369615
cadexco,4197 washington st,roslindale,MA,2131,,-71.127592,42.287232
budget mart,229 florence st,roslindale,MA,2131,,-71.120202,42.285567
bowdoin food corp,217 bowdoin st,dorchester,MA,2122,,-71.067734,42.305587
boston bottle,372 commercial st,boston,MA,2109,,-71.053869,42.360568
anthony market,407 meridian st,boston,MA,2128,,-71.038999,42.380376
alex market iii,2825 washington st,roxbury,MA,2119,,-71.092735,42.321289
7-eleven,1710 centre st,west roxbury,MA,2132,,-71.148914,42.286986
7-eleven,1436 centre st # 38,roslindale,MA,2131,,-71.137177,42.293354
7-eleven,730 william t morrissey blvd,dorchester,MA,2122,,-71.047776,42.296438
7-eleven,584 washington st,brighton,MA,2135,,-71.165671,42.350019
7-eleven,2002 beacon st,brighton,MA,2135,,-71.150916,42.336383
7-eleven,91 causeway st # 99,boston,MA,2114,,-71.062052,42.364834
7-eleven,872 commonwealth ave,boston,MA,2215,,-71.114346,42.3508
7-eleven,722 huntington ave,boston,MA,2115,,-71.104339,42.334138
7-eleven,673 e broadway # 1,boston,MA,2127,,-71.037501,42.335447
7-eleven,50 summer st,boston,MA,2110,,-71.059025,42.354672
7-eleven,473 w broadway,boston,MA,2127,,-71.046079,42.335531
7-eleven,464 hanover st # 17,boston,MA,2113,,-71.052728,42.367042
7-eleven,342 hanover st,boston,MA,2113,,-71.053561,42.364947
7-eleven,1747 washington st,boston,MA,2118,,-71.077008,42.336782
7-eleven,125 tremont st,boston,MA,2108,,-71.061733,42.356403
7-eleven,103 state st,boston,MA,2109,,-71.055102,42.358962
7-eleven,204 n harvard st,allston,MA,2134,,-71.129789,42.362799
660 corp,775 commonwealth ave,boston,MA,2215,,-71.109657,42.35051
tedeschi food shops,695 truman hwy,hyde park,MA,2136,,-71.118958,42.252457
tedeschi food shops,187 e cottage st,dorchester,MA,2125,,-71.06121,42.319908
tedeschi food shops,1580 dorchester ave,dorchester,MA,2122,,-71.06116,42.296644
tedeschi food shops,140 main st,charlestown,MA,2129,,-71.064278,42.374882
tedeschi food shops,1 1st ave # 7,charlestown,MA,2129,,-71.057819,42.372909
tedeschi food shops,566 dorchester ave,boston,MA,2127,,-71.056746,42.330301
tedeschi food shops,50 staniford st,boston,MA,2114,,-71.063972,42.36204
tedeschi food shops,141 massachusetts ave,boston,MA,2115,,-71.087722,42.346805
tedeschi food shops,122 cambridge st,boston,MA,2114,,-71.063715,42.361099
symphony market ii,291 huntington ave,boston,MA,2115,,-71.086449,42.341663
sulgrave inc,60 state st,boston,MA,2109,,-71.056434,42.359266
speedway,5315 washington st,west roxbury,MA,2132,,-71.161371,42.258673
speedway,710 gallivan blvd,dorchester,MA,2124,,-71.048056,42.283857
speedway,123 cambridge st,charlestown,MA,2129,,-71.080614,42.382482
speedway,874 dorchester ave,boston,MA,2125,,-71.056553,42.321182
speedway,151 old colony ave,boston,MA,2127,,-71.05545,42.334534
speedway,219 cambridge st,allston,MA,2134,,-71.126225,42.358478
speedway,100 brighton ave,allston,MA,2134,,-71.129841,42.35248
roxbury mobil,85 southampton st,boston,MA,2118,,-71.070384,42.331916
neptune convenience & liquor,3 neptune rd,boston,MA,2128,,-71.022851,42.37845
irving boston,500 western ave,brighton,MA,2135,,-71.143948,42.361535
golden goose,179 commercial st,boston,MA,2109,,-71.051821,42.362813
first tennessee capital mrkts,99 summer st,boston,MA,2110,,-71.05893,42.353558
city convenience,130 dartmouth st,boston,MA,2116,,-71.075844,42.346393
campus convenience,700 albany st,boston,MA,2118,,-71.070214,42.335484
7-eleven,70 e india row,boston,MA,2110,,-71.050516,42.358582
7-eleven,55 berkeley st,boston,MA,2116,,-71.070267,42.346475
7-eleven,532 commonwealth ave,boston,MA,2215,,-71.096348,42.348523
7-eleven,3 center plz # 101a,boston,MA,2108,,-71.060123,42.359073
7-eleven,261 dartmouth st,boston,MA,2116,,-71.077631,42.350294
7-eleven,252 w newton st # 1,boston,MA,2116,,-71.081216,42.344733
7-eleven,200 seaport blvd # 3,boston,MA,2210,,-71.040336,42.351773
7-eleven,117 jersey st # 121,boston,MA,2215,,-71.09701,42.342757
7-eleven,10 milk st,boston,MA,2108,,-71.057975,42.356883
venice convenient inc,38 cooper st,boston,MA,2113,,-71.057125,42.364388
van mini market,109 franklin st,allston,MA,2134,,-71.132964,42.359776
two brothers market,51 trenton st,boston,MA,2128,,-71.037662,42.378353
tropical grocery store,67 hancock st,dorchester,MA,2125,,-71.065267,42.313313
three d's,249 e st,south boston,MA,2127,,-71.051554,42.335803
tedeschi food shops,779 centre st,jamaica plain,MA,2130,,-71.115601,42.309787
tedeschi food shops,1239 river st,hyde park,MA,2136,,-71.123089,42.256114
tedeschi food shops,126 cambridge st,boston,MA,2114,,-71.065706,42.361233
sumner market inc,345 sumner st,boston,MA,2128,,-71.035499,42.366838
sullivan's store,2 cambridge st,charlestown,MA,2129,,-71.062477,42.377869
sulgrave news,6 milk st,boston,MA,2108,,-71.058376,42.356861
step n out mart,609 walk hill st,mattapan,MA,2126,,-71.097852,42.280932
speedy market,4899 washington st,west roxbury,MA,2132,,-71.14834,42.269371
snack shack etc,180 hyde park ave,jamaica plain,MA,2130,,-71.116732,42.29474
shop mfi market,170 salem st # 4,boston,MA,2113,,-71.054967,42.366231
salcedos market,302 norfolk st,dorchester ctr,MA,2124,,-71.08301,42.283408
s k b's,156 washington st,dorchester,MA,2121,,-71.078876,42.30412
ruiz market boston,14 breed st,boston,MA,2128,,-71.00681,42.387188
roxbury halal,1433 tremont st,roxbury crossing,MA,2120,,-71.096539,42.331735
rosario grocery,760 washington st,dorchester ctr,MA,2124,,-71.071251,42.285016
rosa grocery,710 washington st,dorchester ctr,MA,2124,,-71.070898,42.286662
roho convenience market all,479 blue hill ave,dorchester,MA,2121,,-71.08323,42.308637
priya food market,399 saratoga st,boston,MA,2128,,-71.029615,42.378975
primo's convenience store,24 joy st,boston,MA,2114,,-71.065187,42.35927
poseidon trident,20 trident st,boston,MA,2128,,-71.010909,42.385908
planet gracie-ma,164 blue hill ave,roxbury,MA,2119,,-71.077549,42.318997
pierre's variety store,1156 river st,hyde park,MA,2136,,-71.12033,42.25642
perez severiano,207 boylston st,jamaica plain,MA,2130,,-71.10116,42.313928
our neighborhood variety,185 howard ave,dorchester,MA,2125,,-71.075473,42.313978
our neighborhood mini mart,482 washington st,dorchester ctr,MA,2124,,-71.071939,42.294743
nunez mini mart,305 dudley st,roxbury,MA,2119,,-71.077544,42.327742
night star convenience,63 harvard ave,allston,MA,2134,,-71.132411,42.354058
neponset convenience store,165 neponset ave,dorchester,MA,2122,,-71.050906,42.293033
n & m market,2359 washington st,roxbury,MA,2119,,-71.084873,42.329477
monica's mercato,130 salem st # 1,boston,MA,2113,,-71.055592,42.365094
matos market,140 norfolk st,dorchester ctr,MA,2124,,-71.077814,42.287789
mass food mart,1732 dorchester ave,dorchester ctr,MA,2124,,-71.062727,42.291172
mass food market,603 massachusetts ave,boston,MA,2118,,-71.078145,42.337117
m & r,718 shawmut ave,roxbury,MA,2119,,-71.083012,42.333006
los paisanos market llc,11 meridian st,boston,MA,2128,,-71.038751,42.370551
lee's store inc,982 dorchester ave,dorchester,MA,2125,,-71.056652,42.317204
lasker's variety,67 appleton st,boston,MA,2116,,-71.072681,42.345835
la plazita,3 blue hill ave,roxbury,MA,2119,,-71.075234,42.325068
karen food market,41 bennington st,boston,MA,2128,,-71.037315,42.375359
kaba african market,29 roxbury st,roxbury,MA,2119,,-71.085056,42.329618
jaqueln grocery store,129 london st,east boston,MA,2128,,-71.03876,42.37347
j & j discount mini mart,131 w broadway,boston,MA,2127,,-71.054339,42.340791
j & g's market,274 hyde park ave,jamaica plain,MA,2130,,-71.11771,42.292008
hyde park market,853 river st,hyde park,MA,2136,,-71.108344,42.262733
grocery associates,82 hillside st,roxbury crossing,MA,2120,,-71.103186,42.330508
giovanni's market,624 columbus ave,boston,MA,2118,,-71.083194,42.339277
food market,1826 dorchester ave,dorchester ctr,MA,2124,,-71.063288,42.288544
food basket,563 columbus ave # 1,boston,MA,2118,,-71.081492,42.341137
fenway convenience,76 kilmarnock st,boston,MA,2215,,-71.099234,42.342507
el condor market,337 paris st,east boston,MA,2128,,-71.031584,42.37753
eben ezer market,22 shelby st # 24,boston,MA,2128,,-71.032514,42.377292
east coast variety,67 bennington st,east boston,MA,2128,,-71.036531,42.375635
don quijote market,1639 washington st,boston,MA,2118,,-71.070838,42.340851
delights corner,34 oxford st,boston,MA,2111,,-71.060297,42.351547
d & d convenience store,1002 dorchester ave,dorchester,MA,2125,,-71.056634,42.316578
cruz market,237 bowdoin st,dorchester,MA,2122,,-71.067226,42.305987
corner store,270 hanover st,boston,MA,2113,,-71.054684,42.363817
columbia road market ii,387 columbia rd,dorchester,MA,2125,,-71.070132,42.311042
codman square mkt grocery str,573 washington st,dorchester ctr,MA,2124,,-71.071774,42.29162
chamas market,198 humboldt ave,dorchester,MA,2121,,-71.089547,42.312992
central convenience,218 blue hill ave,roxbury,MA,2119,,-71.07784,42.316986
central convenience,395 bowdoin st,dorchester,MA,2122,,-71.055116,42.297795
casa blanca convenience store,41 burrell st,roxbury,MA,2119,,-71.070563,42.322942
cappy's convenience store inc,949 dorchester ave,dorchester,MA,2125,,-71.056916,42.318625
caballeros market inc,796 washington st,dorchester ctr,MA,2124,,-71.071442,42.283635
bunker hill market,190 bunker hill st,charlestown,MA,2129,,-71.061767,42.37864
brazilian corner,192 brighton ave,allston,MA,2134,,-71.134267,42.353074
botanica anaiza,610 centre st,jamaica plain,MA,2130,,-71.114039,42.314381
boston mart,42 court st,boston,MA,2108,,-71.059189,42.359129
berkeley street market,56 berkeley st,boston,MA,2116,,-71.070933,42.346399
ashmont convenience store,1996 dorchester ave,dorchester ctr,MA,2124,,-71.064887,42.282899
andrew square convenience,390 dorchester st # a,boston,MA,2127,,-71.056393,42.329751
almany,1053 tremont st,roxbury,MA,2120,,-71.085985,42.336505
allston convenience store,165 allston st,allston,MA,2134,,-71.138157,42.347782
adams market,365 adams st,dorchester,MA,2122,,-71.05666,42.29699
adam's convenience store,295 adams st,dorchester,MA,2122,,-71.058333,42.299416
ada's tropical inc,118 norfolk st,dorchester ctr,MA,2124,,-71.076899,42.288061
777 convenience store,215 trenton st,boston,MA,2128,,-71.031079,42.380846
660 corp,543 commonwealth ave,boston,MA,2215,,-71.097122,42.349045
cumberland farms,801 massachusetts ave,boston,MA,2118,,-71.073002,42.333104
bramante seafood,2 fish pier st w,boston,MA,2210,,-71.03962,42.349171
sousa lobster co inc,16 fish pier,boston,MA,2210,,-71.039264,42.349559
no name restaurant,,boston,MA,2109,,-71.055237,42.359135
commercial lobster co,185 franklin st,boston,MA,2110,,-71.054818,42.3554
caviar boston,921 beacon st # 1,boston,MA,2215,,-71.106372,42.34593
caviar,745 atlantic ave # 434,boston,MA,2111,,-71.057103,42.350309
victoria seafood inc,1029 commonwealth ave,boston,MA,2215,,-71.121902,42.352273
twin dragon seafood inc,10a tyler st,boston,MA,2111,,-71.060463,42.350978
sunny's seafood inc,bay one boston fish pier,boston,MA,2210,,-71.044476,42.349242
stranded catfish inc,922 e broadway # 1,boston,MA,2127,,-71.027334,42.335963
stavis seafood,660 summer st,boston,MA,2210,,-71.037939,42.345524
stavis seafood,37 fish pier,boston,MA,2210,,-71.044476,42.349242
skipjack's seafood e,clarendon & saint james,boston,MA,2116,,-71.074581,42.350812
simons seafood & deli,2169 washington st,roxbury,MA,2119,,-71.082409,42.331405
seafood specialties,25 fish pier,boston,MA,2210,,-71.044476,42.349242
reds best,136 blackstone st,boston,MA,2109,,-71.057495,42.36216
portside seafood,24 fish pier st w,boston,MA,2210,,-71.03907,42.349822
polar seafood corp,145 northern ave # 3,boston,MA,2210,,-71.044476,42.349242
north coast seafood,270 w 2nd st,south boston,MA,2127,,-71.043154,42.335475
n e seafood connection inc,19 howard st # 25,roxbury,MA,2119,,-71.074046,42.327633
mc kenzie seafood,234 w selden st,mattapan,MA,2126,,-71.08927,42.273436
legeal sea foods,35 columbus ave,boston,MA,2116,,-71.074581,42.350812
legal seafood,6 fid kennedy ave,boston,MA,2210,,-71.044476,42.349242
larry's fish market,26 porter st,east boston,MA,2128,,-71.037864,42.374607
jillian seafood,23 pleasant st,dorchester,MA,2125,,-71.059582,42.317101
international lobster & maguro,22 food mart rd,boston,MA,2118,,-71.062863,42.337367
huntington seafood,764 huntington ave,boston,MA,2115,,-71.105974,42.333328
great eastern seafood inc,44 newmarket sq,boston,MA,2118,,-71.065768,42.328582
golden banks seafood inc,1 fish pier rd,boston,MA,2210,,-71.044476,42.349242
gloucester seafood procng inc,1 post office sq,boston,MA,2109,,-71.05585,42.356937
eternal star seafood inc,649 harrison ave # 138,boston,MA,2118,,-71.069583,42.339458
east boston oysters,9 fish pier st e,boston,MA,2210,,-71.039276,42.349369
daily fish market,111 blue hill ave,roxbury,MA,2119,,-71.077561,42.321228
caviar shops,207 a st,boston,MA,2210,,-71.044476,42.349242
buy new england lobsters,696 e 1st st,boston,MA,2127,,-71.043154,42.335475
brighton fish co,215 parsons st,brighton,MA,2135,,-71.157056,42.356654
boston fish market,1484 dorchester ave,dorchester,MA,2122,,-71.060177,42.299997
bochu fish market,202 humboldt ave,dorchester,MA,2121,,-71.089657,42.312684
blue waves fish market,1238 river st,hyde park,MA,2136,,-71.123208,42.255876
blue hill market,1600 blue hill ave # a,mattapan,MA,2126,,-71.093606,42.268993
african american seafood corp,78 moreland st,roxbury,MA,2119,,-71.07841,42.323831
adams fish market,783 adams st,dorchester ctr,MA,2124,,-71.055901,42.283353
18 seafood market,18 hudson st,boston,MA,2111,,-71.059956,42.350508
cape cod shellfish & seafood,29 fish pier st w # 31,boston,MA,2210,,-71.044476,42.349242
james hook & co,440 atlantic ave,boston,MA,2110,,-71.054279,42.356372
mattapan fish market,1600 blue hill ave,mattapan,MA,2126,,-71.093606,42.268993
northcoast seafood,,south boston,MA,2127,,-71.043154,42.335475
pisces fish market,690 american legion hwy # 6,roslindale,MA,2131,,-71.112033,42.283334
red's best,13 fish pier,boston,MA,2210,,-71.044476,42.349242
roslindale fish market,39 poplar st,roslindale,MA,2131,,-71.129032,42.286066
sakanaya,75 linden st,allston,MA,2134,,-71.130302,42.352515
staemis seafood,7 channel st,boston,MA,2210,,-71.037095,42.345024
star fish market,3089 washington st,roxbury,MA,2119,,-71.099072,42.315487
boston lobster co,345 w 1st st # 1,south boston,MA,2127,,-71.04569,42.338804
boston lobsters,65 n harvard st,boston,MA,2163,,-71.1248,42.367265
james hook & co,15 northern ave,boston,MA,2210,,-71.046009,42.352939
ocean fresh inc,2001 beacon st # 107,brighton,MA,2135,,-71.150068,42.335848
phillips seafood,100 terminal a,east boston,MA,2128,,-71.032043,42.369093
boston seafood,8 fid kennedy ave,boston,MA,2210,,-71.044476,42.349242
east bay seafood,8 seafood way # 1b,boston,MA,2210,,-71.031157,42.349045
martinez seafood inc,212 northern ave,boston,MA,2210,,-71.038265,42.350476
seafood usa coast,15 broad st # 415,boston,MA,2109,,-71.054799,42.358721
hajar market,116 blackstone st,boston,MA,2109,,-71.055237,42.359135
1-a carniceria y legumbreria,9 meridian st,east boston,MA,2128,,-71.038779,42.370491
alhoda market,114 blackstone st,boston,MA,2109,,-71.055237,42.359135
beacon kosher meat market,36 monastery rd,brighton,MA,2135,,-71.147088,42.344802
butcher block meat co,14 food mart rd,boston,MA,2118,,-71.062839,42.337319
butcher's block inc,243 faneuil st,brighton,MA,2135,,-71.160305,42.352705
c & a beef co,165 terrace st,roxbury crossing,MA,2120,,-71.094875,42.334948
casablanca meat market,116 blackstone st,boston,MA,2109,,-71.055237,42.359135
chop chop meat market,1260 hyde park ave,hyde park,MA,2136,,-71.123978,42.255513
di paolo & rossi meat market,56 salem st,boston,MA,2113,,-71.056201,42.363193
gonza meat market,996 blue hill ave,dorchester ctr,MA,2124,,-71.089416,42.289917
hamdi halal meats co,1433 tremont st,roxbury crossing,MA,2120,,-71.096539,42.331735
kinnealey,136 newmarket sq,roxbury,MA,2118,,-71.066883,42.33052
lambert beef co,49 food mart rd,boston,MA,2118,,-71.070838,42.340851
lio meat corp,920 cummins hwy,mattapan,MA,2126,,-71.092178,42.271726
meat & fish market,118 blackstone st # b,boston,MA,2109,,-71.055237,42.359135
new england meat co,267 kentlands blvd # 700,boston,MA,2110,,-71.054279,42.356372
north end fish market,99 salem st # 1,boston,MA,2113,,-71.055489,42.363909
son's fish market & restaurant,1132 blue hill ave,dorchester ctr,MA,2124,,-71.090668,42.285433
sulmona meat market,32a parmenter st,boston,MA,2113,,-71.055356,42.364054
london veal,124 newmarket sq,roxbury,MA,2118,,-71.066883,42.33052
supreme sea products inc,145 shirley st,roxbury,MA,2119,,-71.067816,42.325745
wings enterprises inc,48 beach st,boston,MA,2111,,-71.060794,42.35155
boston & maine fish co,1 faneuil hall market pl,boston,MA,2109,,-71.053586,42.359735
legal sea foods,100 huntington ave # 77,boston,MA,2116,,-71.077828,42.347042
red's best,212 northern ave,boston,MA,2210,,-71.038265,42.350476
plaza fish market ii,777 william t morrissey blvd,dorchester,MA,2122,,-71.048527,42.294926
one a corp,9 meridian st,boston,MA,2128,,-71.038779,42.370491
new boston meat,81 newmarket sq,boston,MA,2118,,-71.066826,42.329182
ming kee,54 kneeland st,boston,MA,2111,,-71.061137,42.350656
jeha's meat market,243 grove st,west roxbury,MA,2132,,-71.157149,42.261394
butcher shop market inc,782 adams st,dorchester ctr,MA,2124,,-71.055655,42.283421
youngs trading inc,1 widett cir,roxbury,MA,2118,,-71.062728,42.334448
roy's cold cuts,198 marion st,boston,MA,2128,,-71.034673,42.375525
resto meat market,213 washington st,dorchester,MA,2121,,-71.077896,42.302153
new meat market,94 blackstone st,boston,MA,2109,,-71.056184,42.361487
los compadres meat market,3105 washington st,roxbury,MA,2119,,-71.099117,42.315044
kinnealey tf & co,1000 massachusetts ave,boston,MA,2118,,-71.067614,42.328372
kim's fish market,551 washington st,dorchester ctr,MA,2124,,-71.071837,42.29243
francisco arcadio,205 boylston st,jamaica plain,MA,2130,,-71.101393,42.313907
el paissa butchershop,1010 bennington st,boston,MA,2128,,-71.006619,42.386951
diallo's halal meat & grocery,11 erie st,dorchester,MA,2121,,-71.078975,42.303073
clinton market,702 american legion hwy,roslindale,MA,2131,,-71.113309,42.283392
cheema's supermarket,562 cambridge st,allston,MA,2134,,-71.14042,42.352263
cvs pharmacy,151 tremont st # 1,boston,MA,2111,,-71.063698,42.354515
cvs pharmacy,263 washington st,boston,MA,2108,,-71.058093,42.357792
cvs pharmacy,518 commonwealth ave,boston,MA,2215,,-71.095938,42.348505
cvs pharmacy,4600 washington st,roslindale,MA,2131,,-71.138935,42.275453
cvs/pharmacy,265 washington st,boston,MA,2108,,-71.062564,42.357979
cvs/pharmacy,340 washington st,boston,MA,2108,,-71.058746,42.356569
rite aid,399 market st,brighton,MA,2135,,-71.151951,42.347801
rite aid pharmacy # 10156,399 market st,brighton,MA,2135,,-71.151951,42.347801
brooks pharmacy,181 brighton ave,allston,MA,2134,,-71.133679,42.353911
brooks pharmacy,11 pearl st,boston,MA,2110,,-71.054279,42.356372
brooks pharmacy,399 market st,brighton,MA,2135,,-71.151951,42.347801
brooks pharmacy,4600 washington st,roslindale,MA,2131,,-71.138935,42.275453
cvs,151 tremont st # 1,boston,MA,2111,,-71.063698,42.354515
cvs caremark-retail,98 chandler st,boston,MA,2116,,-71.072883,42.346259
cvs corp,25 holyoke st # 5,boston,MA,2116,,-71.077989,42.345026
cvs pharmacy,1575 blue hill ave,mattapan,MA,2126,,-71.094008,42.269992
cvs/caremark corp,4a milford st,boston,MA,2118,,-71.069218,42.343797
rite aid,181 brighton ave # 2,allston,MA,2134,,-71.133679,42.353911
rite aid,920 dorchester ave,dorchester,MA,2125,,-71.056529,42.31959
rite aid,540 gallivan blvd # 11,dorchester ctr,MA,2124,,-71.054713,42.282981
cvs/pharmacy,400 tremont st,boston,MA,2116,,-71.068279,42.347146
rite aid,1295 boylston st # 120,boston,MA,2215,,-71.097766,42.345095
rite aid,4600 washington st,roslindale,MA,2131,,-71.138935,42.275453
walgreens,332 hanover st # 100,boston,MA,2113,,-71.053872,42.364427
walgreens,70 summer st,boston,MA,2110,,-71.058525,42.354067
cvs pharmacy,7 allstate rd,dorchester,MA,2125,,-71.063293,42.329333
walgreens,1630 tremont st,roxbury crossing,MA,2120,,-71.104653,42.334039
walgreens,416 warren st,roxbury,MA,2119,,-71.082143,42.316774
walgreens,2275 washington st,roxbury,MA,2119,,-71.083917,42.330716
walgreens,1890 columbus ave,roxbury,MA,2119,,-71.097511,42.317484
walgreens,980 american legion hwy,roslindale,MA,2131,,-71.115663,42.2737
walgreens,970 american legion hwy,roslindale,MA,2131,,-71.115652,42.274093
walgreens,825 morton st,mattapan,MA,2126,,-71.08767,42.281575
walgreens,585 washington st,dorchester ctr,MA,2124,,-71.071721,42.290917
walgreens,757 gallivan blvd # 3,dorchester,MA,2122,,-71.045064,42.284518
walgreens,130 bowdoin st,dorchester,MA,2122,,-71.071388,42.303787
walgreens,75 amory st # 100,boston,MA,2119,,-71.099529,42.320618
walgreens,620 washington st,boston,MA,2111,,-71.062516,42.352615
walgreens,429 brookline ave,boston,MA,2215,,-71.108158,42.338454
walgreens,24 school st,boston,MA,2108,,-71.059129,42.357506
walgreens,1603 washington st,boston,MA,2118,,-71.074961,42.338253
walgreens,1035 truman hwy,boston,MA,2136,,-71.127302,42.242154
walgreens,1 central sq,boston,MA,2128,,-71.038664,42.374277
walgreens,465 cambridge st,allston,MA,2134,,-71.136872,42.354062
rite aid,90 river st # 7,mattapan,MA,2126,,-71.074507,42.271303
rite aid,1329 hyde park ave,hyde park,MA,2136,,-71.124849,42.253493
rite aid,1100 dorchester ave,dorchester,MA,2125,,-71.057143,42.312979
rite aid,710 e broadway,boston,MA,2127,,-71.036509,42.336156
cvs/pharmacy,1921 centre st,west roxbury,MA,2132,,-71.157097,42.284497
cvs/pharmacy,942 hyde park ave,hyde park,MA,2136,,-71.119804,42.267608
cvs/pharmacy,210 border st,east boston,MA,2128,,-71.040644,42.375446
cvs/pharmacy,1150 saratoga st,east boston,MA,2128,,-70.999137,42.384513
cvs/pharmacy,703 gallivan blvd,dorchester ctr,MA,2124,,-71.047599,42.283316
cvs/pharmacy,778 dudley st,dorchester,MA,2125,,-71.065558,42.317477
cvs/pharmacy,468 blue hill ave,dorchester,MA,2121,,-71.082831,42.308826
cvs/pharmacy,647 vfw pkwy,chestnut hill,MA,2467,,-71.15972,42.294951
cvs/pharmacy,509 main st,charlestown,MA,2129,,-71.062477,42.377869
cvs/pharmacy,5 austin st,charlestown,MA,2129,,-71.066356,42.375391
cvs/pharmacy,197 8th st # 900,charlestown,MA,2129,,-71.052064,42.37354
cvs/pharmacy,427 washington st,brighton,MA,2135,,-71.1564,42.349422
cvs/pharmacy,1927 beacon st,brighton,MA,2135,,-71.148958,42.33576
cvs/pharmacy,81 milk st,boston,MA,2109,,-71.057308,42.356696
cvs/pharmacy,700 atlantic ave,boston,MA,2111,,-71.056125,42.351171
cvs/pharmacy,631 washington st,boston,MA,2111,,-71.062659,42.352369
cvs/pharmacy,587 boylston st,boston,MA,2116,,-71.076993,42.350536
cvs/pharmacy,55 summer st # b,boston,MA,2110,,-71.059279,42.354202
cvs/pharmacy,423 w broadway # 300,boston,MA,2127,,-71.04752,42.336605
cvs/pharmacy,333 washington st,boston,MA,2108,,-71.059193,42.356916
cvs/pharmacy,300 longwood ave,boston,MA,2115,,-71.105324,42.337187
cvs/pharmacy,29 winter st,boston,MA,2108,,-71.06128,42.356134
cvs/pharmacy,240 newbury st # 240,boston,MA,2116,,-71.08184,42.349498
cvs/pharmacy,231 massachusetts ave,boston,MA,2115,,-71.08675,42.344569
cvs/pharmacy,2 center plz,boston,MA,2108,,-71.060199,42.359894
cvs/pharmacy,1249 boylston st # 1,boston,MA,2215,,-71.095775,42.345432
cvs/pharmacy,101 canal st,boston,MA,2114,,-71.060568,42.365167
walgreens,841 boylston st,boston,MA,2116,,-71.082596,42.348901
cvs/pharmacy,467 centre st,jamaica plain,MA,2130,,-71.112125,42.319408
cvs/pharmacy,207 market st,brighton,MA,2135,,-71.151951,42.347801
cvs/pharmacy,155 charles st,boston,MA,2114,,-71.070837,42.360607
walgreens,1999 centre st,west roxbury,MA,2132,,-71.157926,42.281799
walgreens,533 columbia rd,dorchester,MA,2125,,-71.066354,42.315748
walgreens,21 stanhope st # 23,boston,MA,2116,,-71.072893,42.348602
rite aid,971 bennington st,boston,MA,2128,,-71.007539,42.386212
rite aid,100 cambridge st # 102,boston,MA,2114,,-71.062137,42.359957
cvs/pharmacy,704 centre st,jamaica plain,MA,2130,,-71.114067,42.311351
cvs/pharmacy,715 william t morrissey blvd,dorchester,MA,2122,,-71.049367,42.297415
cvs/pharmacy,2 city sq,charlestown,MA,2129,,-71.062477,42.377869
cvs/pharmacy,874 harrison ave,boston,MA,2118,,-71.076315,42.333822
cvs/pharmacy,350 longwood ave # 19,boston,MA,2115,,-71.107274,42.338871
cvs/pharmacy,285 columbus ave,boston,MA,2116,,-71.07409,42.347087
cvs/pharmacy,218 hanover st,boston,MA,2113,,-71.055489,42.363064
cvs/pharmacy,191 cambridge st,boston,MA,2114,,-71.065915,42.362092
cvs/pharmacy,177 brighton ave,allston,MA,2134,,-71.133421,42.353489
cvs/pharmacy,1266 commonwealth ave,allston,MA,2134,,-71.132378,42.349224
b o m e,148 hampden st,roxbury,MA,2119,,-71.075049,42.328082
american international food,577 cummins hwy,hyde park,MA,2136,,-71.108168,42.273118
amara food corp,164 brighton ave,allston,MA,2134,,-71.132896,42.352964
albina's ent,15 desmond rd,mattapan,MA,2126,,-71.079699,42.270785
advanced functional foods intl,87 wendell st,boston,MA,2110,,-71.052511,42.356975
a & r food,5 post office sq,boston,MA,2109,,-71.057088,42.357173
7-eleven,8 park plz # 6,boston,MA,2116,,-71.069139,42.351517
7-eleven,425 brookline ave,boston,MA,2215,,-71.10797,42.338338
yes yes supermarket,411 shawmut ave # 7,boston,MA,2118,,-71.073886,42.340406
yaniel supermarket,71 day st,jamaica plain,MA,2130,,-71.108325,42.324577
yachris market,143 boylston st,jamaica plain,MA,2130,,-71.103149,42.31656
wrightcaribbean market,202 washington st,dorchester,MA,2121,,-71.078017,42.302776
white hen pantry inc,101 arch st,boston,MA,2110,,-71.059085,42.354954
white hen pantry,205 maverick st,east boston,MA,2128,,-71.036066,42.368833
white hen pantry,250 cambridge st # 3,boston,MA,2114,,-71.067475,42.360888
westland market,56 westland ave,boston,MA,2115,,-71.088633,42.34349
vinni's mini market,3 gladstone st,boston,MA,2128,,-70.999524,42.389113
villas market,152 sumner st,boston,MA,2128,,-71.041029,42.369615
villa victoria market,65 west newton st,boston,MA,2118,,-71.074864,42.340327
viet ho mkt co,15 beach st,boston,MA,2111,,-71.062173,42.351417
urena market,481 geneva ave,dorchester,MA,2122,,-71.064786,42.299334
uphams market,67 hancock st,dorchester,MA,2125,,-71.065267,42.313313
uphams corner market,612 columbia rd # 401,dorchester,MA,2125,,-71.064481,42.317882
two brothers market,75 marion st,boston,MA,2128,,-71.037656,42.378322
troncoso super market,411 blue hill ave,dorchester,MA,2121,,-71.081643,42.310823
toos market,572 washington st,brighton,MA,2135,,-71.165099,42.349933
tony's market,51 richwood st,west roxbury,MA,2132,,-71.159383,42.286586
thompson market,44 brooks st,boston,MA,2128,,-71.032676,42.376055
thompson market,283 tremont st,boston,MA,2116,,-71.065541,42.349781
thinh phat market,1051 dorchester ave,dorchester,MA,2125,,-71.056852,42.314816
tetco stores inc,311 summer st,boston,MA,2210,,-71.04903,42.349515
tesorito market,465 meridian st,east boston,MA,2128,,-71.039054,42.382499
teresa market inc,571 washington st,brighton,MA,2135,,-71.164805,42.350221
talbot market,322 talbot ave,dorchester ctr,MA,2124,,-71.072802,42.290486
t & d market,4545 washington st,roslindale,MA,2131,,-71.137185,42.278206
super eighty eight market,1095 commonwealth ave,boston,MA,2215,,-71.124298,42.352259
summer market,85 summer st,boston,MA,2110,,-71.058354,42.353816
stop & shop supermarket co,4 cherokee st,roxbury crossing,MA,2120,,-71.100472,42.330134
stop & shop supermarket co,po box 1942,jamaica plain,MA,2130,,-71.114081,42.313409
stop & shop,365 chelsea st,boston,MA,2128,,-71.028432,42.37849
station grocery,9 maverick sq,boston,MA,2128,,-71.039245,42.368929
ssp america,31 logan airport # b,east boston,MA,2128,,-71.032514,42.377292
south end open market,500 540 & 450 harrison ave,boston,MA,2118,,-71.070838,42.340851
sobreno market,416 geneva ave,dorchester,MA,2122,,-71.067035,42.300972
sjr foods,32 emerson pl,boston,MA,2114,,-71.065706,42.361233
seven 86 market inc,249 blue hill ave,roxbury,MA,2119,,-71.078308,42.315759
see sun co,25 harrison ave,boston,MA,2111,,-71.061284,42.351929
save a dog inc,333 martin luther king blvd,roxbury,MA,2119,,-71.084615,42.325438
santo domingo market,371 centre st,jamaica plain,MA,2130,,-71.10878,42.322339
rupal corp,112 w 7th st,boston,MA,2127,,-71.053497,42.336154
ruiz market,3 blue hill ave,roxbury,MA,2119,,-71.075234,42.325068
royal african caribbean sprmkt,1281 river st,hyde park,MA,2136,,-71.124568,42.255805
roxbury wholesale grocery inc,25 chesterton st,roxbury,MA,2119,,-71.071245,42.329885
rosev enterprises inc,134 bunker hill st,charlestown,MA,2129,,-71.059818,42.377987
rosauers supermarkets inc,120 water st,boston,MA,2109,,-71.054665,42.358298
rosa's grocery,208 river st,mattapan,MA,2126,,-71.079301,42.271342
ric-rob variety,110 savin hill ave,dorchester,MA,2125,,-71.053754,42.311685
refreshed market,196 quincy st,boston,MA,2121,,-71.07497,42.313019
r & r food market,4355 washington st,roslindale,MA,2131,,-71.132102,42.282994
qwok ngon supermarket,65 beach st,boston,MA,2111,,-71.060109,42.351115
prince pantry,101 prince st,boston,MA,2113,,-71.056393,42.365919
"prentice, laurel",22 hopewell rd,hyde park,MA,2136,,-71.103229,42.261119
premium fun foods,142 cambridge st,charlestown,MA,2129,,-71.080621,42.381948
plensa african market,373 blue hill ave,dorchester,MA,2121,,-71.080934,42.311727
piensa african market,373 blue hill ave,dorchester,MA,2121,,-71.080934,42.311727
phu cuong market,1188 dorchester ave,dorchester,MA,2125,,-71.057452,42.310033
philips market,24 tremont st,boston,MA,2108,,-71.059988,42.358526
people's tropical food,576 washington st,dorchester ctr,MA,2124,,-71.07151,42.291572
peguero's market,218 bowdoin st,dorchester,MA,2122,,-71.068072,42.30546
peace market,505 washington st,dorchester ctr,MA,2124,,-71.07199,42.294025
payless foods,139 charles st,boston,MA,2114,,-71.070571,42.360205
paradise market,517 warren st,dorchester,MA,2121,,-71.08372,42.313587
pacific supermarket,15 beach st,boston,MA,2111,,-71.062173,42.351417
olivo market,137 blue hill ave,roxbury,MA,2119,,-71.078079,42.320263
oh naturale,28 parmenter st,boston,MA,2113,,-71.055339,42.363923
o'sullivan patrick,338 washington st,brighton,MA,2135,,-71.15253,42.34891
nutibara envios,532 bennington st,boston,MA,2128,,-71.020054,42.382214
nonas market,292 north st # 1,boston,MA,2113,,-71.051974,42.364054
new world multi svc,407 chelsea st # 1,boston,MA,2128,,-71.026939,42.379813
new boston food market,31 food mart rd,boston,MA,2118,,-71.062786,42.337439
natural snax,5 bakers aly # 6,boston,MA,2113,,-71.069095,42.271196
nas convenience,111 erie st,dorchester,MA,2121,,-71.082921,42.301492
n c market corp,305 w broadway,boston,MA,2127,,-71.050637,42.338619
mondonguito grocery store,219 dudley st,boston,MA,2119,,-71.080652,42.328457
midtown markets,175 william f mcclellan hwy,east boston,MA,2128,,-71.018605,42.386221
mi-tierra market,71 meridian st,boston,MA,2128,,-71.038795,42.371962
melos grocery,331 centre st,jamaica plain,MA,2130,,-71.104997,42.322868
melo's market,180 hyde park ave,jamaica plain,MA,2130,,-71.116732,42.29474
mekong & co,489 cambridge st,allston,MA,2134,,-71.137195,42.35386
mejia market,693 dudley st,dorchester,MA,2125,,-71.068526,42.318332
mediterianian market,250 brighton ave,allston,MA,2134,,-71.136548,42.353371
martignetti grocery & liquor,,west roxbury,MA,2132,,-71.155436,42.277761
market street group,1 boston pl,boston,MA,2108,,-71.058374,42.358517
market square convenience,534 dudley st,roxbury,MA,2119,,-71.072252,42.32203
market platform office llc,111 devonshire st # 9,boston,MA,2109,,-71.057355,42.356991
market place inc,800 boylston st,boston,MA,2199,,-71.081983,42.348804
market johns,75 linden st,allston,MA,2134,,-71.130302,42.352515
mark a albertson,790 boylston st,boston,MA,2199,,-71.081708,42.348195
mario's meat market,14 nancia st,boston,MA,2128,,-70.999033,42.38259
marascio's market,1758 river st,hyde park,MA,2136,,-71.138276,42.243932
lynchs convenience & deli,1 shandon rd,dorchester ctr,MA,2124,,-71.091065,42.295518
luzelena market,305 dudley st,roxbury,MA,2119,,-71.077544,42.327742
luchos market,42 maverick st,boston,MA,2128,,-71.04155,42.371321
lowe's pay n save,10 causeway st,boston,MA,2222,,-71.063096,42.365165
liriano's market,117 blue hill ave,roxbury,MA,2119,,-71.077634,42.321044
lil caffe italy llc,178 salem st,boston,MA,2113,,-71.054783,42.366517
li'l peach,783 centre st,jamaica plain,MA,2130,,-71.11577,42.309686
leo's,573 talbot ave,dorchester ctr,MA,2124,,-71.064536,42.285797
leo grocery store corp,573 talbot ave,dorchester ctr,MA,2124,,-71.064536,42.285797
lambert's marketplace,682 tremont st,boston,MA,2118,,-71.076671,42.340992
lala's supermarket,1244 river st,hyde park,MA,2136,,-71.123372,42.255857
lakomka,183 chestnut hill ave,brighton,MA,2135,,-71.154705,42.341405
la union grocery store,3999 washington st,roslindale,MA,2131,,-71.121653,42.292789
la familia market,64a blue hill ave,roxbury,MA,2119,,-71.076421,42.32288
la esquina supermarket,184 bremen st,boston,MA,2128,,-71.034307,42.373091
l a gran parada dudley market,561 dudley st,dorchester,MA,2125,,-71.072669,42.32094
kim's market,305 w broadway,boston,MA,2127,,-71.050637,42.338619
kim pantry,1490 dorchester ave,dorchester,MA,2122,,-71.060222,42.299836
karen market,41 bennington st,boston,MA,2128,,-71.037315,42.375359
k a m man farmers market,101 allstate rd # 109,dorchester,MA,2125,,-71.062273,42.325651
just a bunch,483 huntington ave,hyde park,MA,2136,,-71.114195,42.261817
judah's tropical market,249 blue hill ave,roxbury,MA,2119,,-71.078308,42.315759
juba market cafe,50 john eliot sq,roxbury,MA,2119,,-71.091573,42.329847
jamaica plain market,36 gay head st,jamaica plain,MA,2130,,-71.104926,42.325036
j p spot convenience,3514 washington st,jamaica plain,MA,2130,,-71.107967,42.305719
j a inc,534 dudley st,roxbury,MA,2119,,-71.072252,42.32203
ispanoamericana market,153 meridian st,east boston,MA,2128,,-71.039006,42.373929
iraola market,1112 blue hill ave,dorchester ctr,MA,2124,,-71.090385,42.286285
international & natural foods,157 sutherland rd,brighton,MA,2135,,-71.146883,42.341187
iga mattapan,926 cummins hwy,mattapan,MA,2126,,-71.094553,42.26821
ibraheem's halal store,387 bowdoin st,dorchester,MA,2122,,-71.063409,42.309887
hyde park market corp inc,613 park st,dorchester,MA,2124,,-71.078055,42.294469
hollywood market,,boston,MA,2110,,-71.054279,42.356372
hannaford bros co,20 park plz # 833,boston,MA,2116,,-71.069093,42.351412
hancock street market & multi,95 hancock st,dorchester,MA,2125,,-71.064392,42.312484
hamdi market,1433 tremont st,roxbury crossing,MA,2120,,-71.096539,42.331735
h-e-b foods co,415 summer st,boston,MA,2210,,-71.044563,42.347115
goon shee assoc inc,10 oxford pl,boston,MA,2111,,-71.060771,42.351713
george greer foods,371 dorchester ave # 140,boston,MA,2127,,-71.059149,42.335096
friendly grocery,42 maverick st,boston,MA,2128,,-71.04155,42.371321
fresh formats,214 harvard ave,allston,MA,2134,,-71.129971,42.34968
fresh foods,88 blackstone st # b,boston,MA,2109,,-71.056393,42.361435
four brothers market,3997 washington st,roslindale,MA,2131,,-71.121447,42.292804
forest hills market,2 hyde park ave,jamaica plain,MA,2130,,-71.113608,42.299763
foods research,716 e 3rd st,boston,MA,2127,,-71.03101,42.33671
foodmaster super markets inc,50 austin st,charlestown,MA,2129,,-71.06597,42.374515
food enterprises,,dorchester,MA,2125,,-71.061053,42.316756
first rate grocery & eaters,85 cummins hwy,roslindale,MA,2131,,-71.125122,42.284412
finast market,1300 blue hill ave,mattapan,MA,2126,,-71.092952,42.279256
figueroa mini market inc,154 geneva ave,dorchester,MA,2121,,-71.077172,42.305502
fields corner supermarket,55 brook ave # 1,roxbury,MA,2119,,-71.074217,42.320892
fields corner corner super mkt,1490 dorchester ave,dorchester,MA,2122,,-71.060222,42.299836
field market,1178 blue hill ave,mattapan,MA,2126,,-71.09121,42.284027
fellowship african market,604 hyde park ave,roslindale,MA,2131,,-71.118805,42.279946
farmers market,926 cummins hwy,mattapan,MA,2126,,-71.094892,42.268094
farafina food market,373 blue hill ave,dorchester,MA,2121,,-71.080934,42.311727
f & t davey supermarket inc,438 dudley st,roxbury,MA,2119,,-71.073579,42.324055
erie st market,111 erie st,dorchester,MA,2121,,-71.082921,42.301492
beacon hill market,55 anderson st,boston,MA,2114,,-71.067773,42.359319
el regreso market,322 blue hill ave,dorchester,MA,2121,,-71.07939,42.313276
el progresso market,143 boylston st,jamaica plain,MA,2130,,-71.103149,42.31656
el lobo papa grocery market,1187 blue hill ave,mattapan,MA,2126,,-71.09192,42.283812
el consumo market,60 maverick st,boston,MA,2128,,-71.040954,42.371196
egleston's market ii,3145 washington st,jamaica plain,MA,2130,,-71.100291,42.314056
eagle market,6938 dudley st,dorchester,MA,2121,,-71.084832,42.309173
e v a plus food corp,321 meridian st # 3,boston,MA,2128,,-71.038991,42.377768
"duey, chong",10 oxford pl,boston,MA,2111,,-71.060771,42.351713
dudley halal market inc,1127 harrison ave,roxbury,MA,2119,,-71.081574,42.330616
dollar hut,390 centre st,jamaica plain,MA,2130,,-71.10969,42.321647
deluca's market,17 branch st,boston,MA,2108,,-71.069216,42.356755
delis food market,353 meridian st,boston,MA,2128,,-71.039132,42.378673
delicious market,6 brooks st,boston,MA,2128,,-71.0317,42.37541
delarosa llc,85 cummins hwy,roslindale,MA,2131,,-71.125122,42.284412
d'angeles market,160 bunker hill st,charlestown,MA,2129,,-71.060885,42.378337
d c market,147 centre st,roxbury,MA,2119,,-71.096743,42.326097
d & n market inc,12 s huntington ave,jamaica plain,MA,2130,,-71.111902,42.331727
cushman grocery,51 cushman rd,brighton,MA,2135,,-71.1462,42.353591
crystal's market,173 dudley st,roxbury,MA,2119,,-71.082343,42.328512
cruz market,152 sumner st,east boston,MA,2128,,-71.041029,42.369615
cozmo market,1436 commonwealth ave,brighton,MA,2135,,-71.140089,42.34817
cozmo market,205 harvard ave,allston,MA,2134,,-71.130804,42.349931
cousin's market,8 glenway st,dorchester,MA,2121,,-71.084654,42.301709
confama,99 chelsea st,east boston,MA,2128,,-71.035664,42.372281
comzmo market,1436 commonwealth ave,brighton,MA,2135,,-71.140089,42.34817
columbus market,1909 columbus ave,roxbury,MA,2119,,-71.098501,42.31708
codman square market,331 centre st,jamaica plain,MA,2130,,-71.104997,42.322868
claudios market,425 bowdoin st,dorchester,MA,2122,,-71.062281,42.310453
cibao grocery,42 maverick st,east boston,MA,2128,,-71.04155,42.371321
chung wah hong co,55 beach st,boston,MA,2111,,-71.060584,42.351339
christy's markets inc,107 stuart st,boston,MA,2116,,-71.074581,42.350812
christo's market,873 south st,roslindale,MA,2131,,-71.133867,42.288969
cherry mart,349 newbury st # b,boston,MA,2115,,-71.087255,42.348554
chanh hung seafood market,659 washington st,boston,MA,2111,,-71.063212,42.351834
centre street farmers markets,35 parley ave,jamaica plain,MA,2130,,-71.111628,42.314335
centre market nargis begum,1660 dorchester ave,dorchester,MA,2122,,-71.061969,42.293841
caribbean market,558 washington st,dorchester ctr,MA,2124,,-71.071689,42.292094
canal street market,80 canal st,boston,MA,2114,,-71.0597,42.363845
calumet market,1630 tremont st,roxbury crossing,MA,2120,,-71.104653,42.334039
c mart supermarket,109 lincoln st,boston,MA,2111,,-71.058504,42.351628
brown market & grocery,194 dudley st,roxbury,MA,2119,,-71.081756,42.328662
brookshire grocery co,1642 commonwealth ave,brighton,MA,2135,,-71.143451,42.342275
brighton supermarket,572 washington st,brighton,MA,2135,,-71.165099,42.349933
braz transfers inc,144 maverick st,east boston,MA,2128,,-71.038201,42.369987
bowdoin market,144 bowdoin st,dorchester,MA,2122,,-71.070899,42.303792
boston food imports inc,1024 bennington st,boston,MA,2128,,-71.006,42.387166
blue ocean grocery,305 w broadway,south boston,MA,2127,,-71.050637,42.338619
blanco market ii inc,67 woodrow ave,dorchester ctr,MA,2124,,-71.080968,42.287995
billy's market,31 phillips st,boston,MA,2114,,-71.065706,42.361233
bello's market,75 maverick sq,boston,MA,2128,,-71.03864,42.370016
baldwin market,237 bowdoin st,dorchester,MA,2122,,-71.067226,42.305987
atlantic to hudson inc,18 hudson st,boston,MA,2111,,-71.059956,42.350508
arrows market,1112 blue hill ave,dorchester,MA,2124,,-71.090385,42.286285
antonio ospina grocery,9 meridian st,east boston,MA,2128,,-71.038779,42.370491
anould discount grocery store,1145 blue hill ave,dorchester ctr,MA,2124,,-71.091196,42.285449
anngie supermarket 2,143 washington st,dorchester,MA,2121,,-71.079646,42.304468
andrade market,93 burrell st,roxbury,MA,2119,,-71.068204,42.323633
amigo market,75 intervale st,dorchester,MA,2121,,-71.0783,42.310824
alvaro market,51 cottage st,boston,MA,2128,,-71.035677,42.367108
alpha trio mfg corp,280 lincoln st,allston,MA,2134,,-71.134073,42.357328
almany's market,1053-1055 tremont street,roxbury,MA,2120,,-71.094875,42.334948
allston food & spirits,225 cambridge st,allston,MA,2134,,-71.126727,42.357917
aislyn meat market,71 day st,jamaica plain,MA,2130,,-71.108325,42.324577
aguadilla market,664 tremont st # a,boston,MA,2118,,-71.075795,42.341362
adam market,116 blackstone st,boston,MA,2109,,-71.055237,42.359135
ace's food mart,50 john eliot sq,roxbury,MA,2119,,-71.091573,42.329847
ace store,110 stuart st,boston,MA,2116,,-71.065166,42.351007
abruzzese meat market,94 salem st,boston,MA,2113,,-71.055715,42.363915
abodab grocery,886 morton st,mattapan,MA,2126,,-71.084275,42.28082
a-one market,1207 river st,hyde park,MA,2136,,-71.122364,42.256059
a a market,140 south st,jamaica plain,MA,2130,,-71.114576,42.305206
a & p supermarket,77 avenue louis pasteur,boston,MA,2115,,-71.103178,42.338414
a & c food market,67 woodrow ave,dorchester ctr,MA,2124,,-71.080968,42.287995
86 market inc,249 blue hill ave,roxbury,MA,2119,,-71.078308,42.315759
7-eleven,121 harvard ave,allston,MA,2134,,-71.132192,42.352417
7 diaz market,3114 washington st,roxbury,MA,2119,,-71.099022,42.314772
elite foods co,54 w eagle st,boston,MA,2128,,-71.037512,42.381522
a j's apollos market,918 morton st,mattapan,MA,2126,,-71.08303,42.28056
academy market inc,1588 columbus ave,roxbury,MA,2119,,-71.098311,42.322182
acougue sabor brazil,233 london st,east boston,MA,2128,,-71.035775,42.37589
alberto market,1112 blue hill ave,dorchester ctr,MA,2124,,-71.090385,42.286285
alex's market iv inc,466 talbot ave,dorchester ctr,MA,2124,,-71.066782,42.288991
allston market,169 harvard ave,allston,MA,2134,,-71.131569,42.351261
alves market,77 stoughton st,dorchester,MA,2125,,-71.062569,42.315869
andrea mini market,2 fairmount ave,hyde park,MA,2136,,-71.12089,42.255844
aney bangla grocery,542 washington st,dorchester,MA,2124,,-71.071738,42.292691
angels market,8a glenway st,dorchester,MA,2121,,-71.084832,42.309173
bella's market,73 maverick sq,boston,MA,2128,,-71.038558,42.369842
bob's grocery store,160 endicott st,boston,MA,2113,,-71.057562,42.365445
brimo mini market,186 heath st,jamaica plain,MA,2130,,-71.10518,42.326045
brothers mini market,802 tremont st,boston,MA,2118,,-71.081337,42.338492
brown's food market,559 dudley st,dorchester,MA,2125,,-71.072241,42.321265
c & j superette,90 glenway st,dorchester,MA,2121,,-71.082226,42.300115
c mart 2 supermarket,109 lincoln st,boston,MA,2111,,-71.058504,42.351628
calderon market,140 princeton st,boston,MA,2128,,-71.03447,42.378219
caribbean,558 washington st,dorchester ctr,MA,2124,,-71.071689,42.292094
carmella's market,86 cottage st,boston,MA,2128,,-71.035296,42.367892
casa cuong,629 tremont st # a,boston,MA,2118,,-71.074616,42.342417
casali market,775 adams st,dorchester ctr,MA,2124,,-71.055852,42.283498
ceasar grocery store ii,113 blue hill ave,roxbury,MA,2119,,-71.077584,42.321171
cibao market,3936 washington st,roslindale,MA,2131,,-71.119667,42.294128
commonwealth market inc,1090 commonwealth ave,boston,MA,2215,,-71.12401,42.35196
court market,505 washington st,dorchester ctr,MA,2124,,-71.07199,42.294025
cummins market,290 cummins hwy,roslindale,MA,2131,,-71.117995,42.279701
d & j market,120 boston st,dorchester,MA,2125,,-71.059039,42.32537
d market enterprise inc,658 washington st,dorchester ctr,MA,2124,,-71.071067,42.288795
davey's super market,438 dudley st,roxbury,MA,2119,,-71.074184,42.324109
diana's market,170 cottage st,boston,MA,2128,,-71.032836,42.370173
diaz market,446 hyde park ave,roslindale,MA,2131,,-71.118645,42.285191
dolly market,16 dacia st,dorchester,MA,2125,,-71.07767,42.314542
dorchester market,951 dorchester ave,dorchester,MA,2125,,-71.05699,42.318236
edianis market,331 centre st,jamaica plain,MA,2130,,-71.104997,42.322868
el frutero,740 dudley st,dorchester,MA,2125,,-71.066756,42.317805
elcoli market,230 columbia rd,dorchester,MA,2121,,-71.076287,42.307585
elsol food market,353 chelsea st,east boston,MA,2128,,-71.028734,42.378276
elvalle de la sultana-market,121 bennington st,boston,MA,2128,,-71.034695,42.376411
estrellita food market,290 meridian st # 1,boston,MA,2128,,-71.039423,42.37681
evelyn's market,298 centre st,jamaica plain,MA,2130,,-71.102673,42.322871
fairmont food mart,674 truman hwy,hyde park,MA,2136,,-71.118217,42.252215
familia grocery,693 dudley st,dorchester,MA,2125,,-71.068526,42.318332
familia grocery,243 grove st,west roxbury,MA,2132,,-71.157149,42.261394
family food shop,609 walk hill st,mattapan,MA,2126,,-71.097852,42.280932
family supermarket,205 humboldt ave,dorchester,MA,2121,,-71.089932,42.312901
father & son market,1437 commonwealth ave,brighton,MA,2135,,-71.140339,42.348907
freddy's market,302 centre st # a,jamaica plain,MA,2130,,-71.103255,42.322729
fuller market,851 washington st,dorchester ctr,MA,2124,,-71.071414,42.281885
g & v symphony market,1130 boylston st,boston,MA,2215,,-71.089021,42.346884
garden halal meat,96 blackstone st,boston,MA,2109,,-71.056197,42.361499
geneva grocery,385 geneva ave,dorchester,MA,2122,,-71.068218,42.301271
georgebell's market,246 dorchester st,south boston,MA,2127,,-71.051343,42.332544
gina grocery store,251 dudley st,roxbury,MA,2119,,-71.079464,42.328347
going bananas,64 salem st # 1,boston,MA,2113,,-71.056117,42.363392
harvard street community mkt,55 harvard st,dorchester ctr,MA,2124,,-71.076083,42.297904
hay market intl food co,88 blackstone st,boston,MA,2109,,-71.056393,42.361435
home market,165 belgrade ave,roslindale,MA,2131,,-71.137526,42.286303
huntington markets,818 huntington ave,boston,MA,2115,,-71.108433,42.33321
indian ocean grocery & hala,43 roxbury st,roxbury,MA,2119,,-71.085507,42.32954
jackson food market,728 dudley st,dorchester,MA,2125,,-71.067192,42.317992
jim's variety,256 w 5th st,boston,MA,2127,,-71.049247,42.335512
jones hill variety,20 hancock st,dorchester,MA,2125,,-71.065876,42.315015
k & 8th street market,362 k st,boston,MA,2127,,-71.037068,42.33135
l lawrence,23 ledgemere rd,brighton,MA,2135,,-71.152815,42.343643
la bamba market,1 lorne st,dorchester ctr,MA,2124,,-71.089666,42.293375
la bendicion,32 bennington st,east boston,MA,2128,,-71.037886,42.375449
la borinquina,534 dudley st,roxbury,MA,2119,,-71.072252,42.32203
la peravianas,3095 washington st,roxbury,MA,2119,,-71.098914,42.315251
las americas market,970 blue hill ave,dorchester ctr,MA,2124,,-71.088907,42.290868
las villas market,78 mozart st,jamaica plain,MA,2130,,-71.103984,42.320047
lee's ii market,1383 commonwealth ave,allston,MA,2134,,-71.137522,42.348675
llanera supermarket,260 e 8th st,south boston,MA,2127,,-71.049803,42.332085
lun fat produce,227 harrison ave,boston,MA,2111,,-71.062945,42.347682
m & m food mart inc,85 glenville ave,allston,MA,2134,,-71.134922,42.349553
mamas timarchee,556 river st,mattapan,MA,2126,,-71.09597,42.266719
marino's market,1245 vfw pkwy,west roxbury,MA,2132,,-71.172602,42.277514
marinos market inc,1906 centre st,west roxbury,MA,2132,,-71.156337,42.284879
meat & fish market,88 blackstone st,boston,MA,2109,,-71.056393,42.361435
milanos delicatessen,978 saratoga st,east boston,MA,2128,,-71.007396,42.387029
millennium market,496 blue hill ave,dorchester,MA,2121,,-71.083731,42.307163
million market,99 chelsea st,east boston,MA,2128,,-71.035664,42.372281
mirim oriental groceries,152 harvard ave,allston,MA,2134,,-71.131611,42.351628
moscow international food,1215 commonwealth ave,allston,MA,2134,,-71.130393,42.350775
navarrette grocery,451 columbia rd,dorchester,MA,2125,,-71.068082,42.313041
orient heights food market,1016 bennington st,east boston,MA,2128,,-71.006231,42.386933
ortiz grocery inc,1300 blue hill ave,mattapan,MA,2126,,-71.092952,42.279256
phu coung market,1188 dorchester ave,dorchester,MA,2125,,-71.057452,42.310033
pleasant view market,1 savin hill ave,dorchester,MA,2125,,-71.058887,42.312731
plop plop market,532 river st,mattapan,MA,2126,,-71.094599,42.267071
quality meat market,13 corinth st,roslindale,MA,2131,,-71.130192,42.286378
real food,14 medfield st # 3,boston,MA,2215,,-71.105266,42.345346
roche bros,8 summer st # 1,boston,MA,2110,,-71.060278,42.355353
rosely groceries,120 washington st,dorchester,MA,2121,,-71.080161,42.30516
roslindale market,4140 washington st,roslindale,MA,2131,,-71.125739,42.288433
s & l management,333 martin luther king blvd,roxbury,MA,2119,,-71.084615,42.325438
sagarino's,106 south st,boston,MA,2111,,-71.057334,42.351062
sanchez market,156 bunker hill st,charlestown,MA,2129,,-71.060896,42.378268
sava's market,150 bennington st,boston,MA,2128,,-71.033629,42.376989
sonia corp,140 north beacon st,brighton,MA,2135,,-71.146018,42.354734
st peter market co,419 adams st,dorchester,MA,2122,,-71.055116,42.297795
star food mart,1266 hyde park ave,hyde park,MA,2136,,-71.124145,42.255432
sulmona meat mkt,32 parmenter st # a,boston,MA,2113,,-71.055452,42.363993
super ahorro grocery & food,300 bennington st,east boston,MA,2128,,-71.028268,42.379193
tienda y taqueria guadalajara,257 princeton st,east boston,MA,2128,,-71.030009,42.379571
tremont market place & deli,682 tremont st,boston,MA,2118,,-71.076671,42.340992
tropic market,1007 blue hill ave,dorchester ctr,MA,2124,,-71.089723,42.289868
troung thinh 2,1305 dorchester ave,dorchester,MA,2122,,-71.058866,42.305957
turkuaz market,16 brighton ave,allston,MA,2134,,-71.126513,42.352223
upham's corner market,521 columbia rd,dorchester,MA,2125,,-71.066616,42.31531
walnut market,66 walnut park,roxbury,MA,2119,,-71.095071,42.314872
warren market,256 warren st,roxbury,MA,2119,,-71.081929,42.321928
wolcott general store,171 wolcott sq,hyde park,MA,2136,,-71.13264,42.237322
world's best food & vegetarian,645 river st,hyde park,MA,2136,,-71.099631,42.265014
yessenia's market,3348 washington st,jamaica plain,MA,2130,,-71.104512,42.309271
4 corners market,345 washington st,dorchester,MA,2121,,-71.073987,42.299417
a & c,67 woodrow ave,dorchester ctr,MA,2124,,-71.080968,42.287995
a a a grocery corp,181 washington st,dorchester,MA,2121,,-71.078647,42.30344
abc foods,18 newmarket sq,boston,MA,2118,,-71.064803,42.32975
abyssinia market,1127 harrison ave,roxbury,MA,2119,,-71.081574,42.330616
alpha omega,1285 river st,hyde park,MA,2136,,-71.124589,42.255903
american food basket,500 geneva ave,dorchester,MA,2122,,-71.062962,42.298782
american legion market,569 american legion hwy,roslindale,MA,2131,,-71.108604,42.287132
angel's market,503 washington st,dorchester ctr,MA,2124,,-71.071994,42.294082
bani market,353 meridian st,boston,MA,2128,,-71.039132,42.378673
bazaar on cambridge st,424 cambridge st,allston,MA,2134,,-71.134395,42.354459
beacon hill,65 charles st,boston,MA,2114,,-71.070184,42.358114